CompoundName	SumFormula	Mass	Charge	RetentionTime	RetentionTimeRange	IsoDistribution
feature_0	 	386.1725033691406	+1	499.10699462890625	0	0
feature_1	 	275.16279877929685	+1	251.51031494140625	0	0
feature_2	 	327.1312436035156	+1	157.1431884765625	0	0
feature_3	 	277.1056393554687	+1	131.10716247558594	0	0
feature_4	 	1038.774144921875	+2	632.2194213867188	0	0
feature_5	 	2465.830053125	+2	54.69663619995117	0	0
feature_6	 	270.168688671875	+1	309.6632080078125	0	0
feature_7	 	414.2036618164062	+1	528.0704956054688	0	0
feature_8	 	414.20369233398435	+1	511.7809753417969	0	0
feature_9	 	2158.742894921875	+2	62.52588653564453	0	0
feature_10	 	1357.0091302734374	+2	399.98797607421875	0	0
feature_11	 	424.1492794921875	+1	429.0110168457031	0	0
feature_12	 	241.178454296875	+1	248.58541870117188	0	0
feature_13	 	319.1638668945312	+1	96.88329315185547	0	0
feature_14	 	210.1362637451172	+1	349.4634094238281	0	0
feature_15	 	210.1362637451172	+1	357.2236022949219	0	0
feature_16	 	210.0998867919922	+1	235.59742736816406	0	0
feature_17	 	227.12640656738282	+1	279.84808349609375	0	0
feature_18	 	256.1050900390625	+1	82.80730438232422	0	0
feature_19	 	557.4131955078125	+1	490.7918395996094	0	0
feature_20	 	154.07367219238282	+1	89.84033966064453	0	0
feature_21	 	392.2154416015625	+1	303.6490478515625	0	0
feature_22	 	283.3232907226562	+1	575.0628662109375	0	0
feature_23	 	449.248034375	+1	84.53858184814453	0	0
feature_24	 	387.2000607421875	+1	76.27965545654297	0	0
feature_25	 	431.2301205566406	+1	499.10699462890625	0	0
feature_26	 	431.2301510742187	+1	497.861328125	0	0
feature_27	 	610.3309201171875	+1	330.8958435058594	0	0
feature_28	 	354.1785763671875	+1	344.0796813964844	0	0
feature_29	 	244.08761872558594	+1	160.6983184814453	0	0
feature_30	 	1007.350817578125	+1	58.28383255004883	0	0
feature_31	 	216.09920014648438	+1	373.88134765625	0	0
feature_32	 	325.1744564941406	+1	246.49273681640625	0	0
feature_33	 	242.12611665039063	+1	325.3880920410156	0	0
feature_34	 	314.1736935546875	+1	255.9759063720703	0	0
feature_35	 	436.1854428222656	+1	527.911865234375	0	0
feature_36	 	180.08928193359375	+1	160.6983184814453	0	0
feature_37	 	293.1468991210937	+1	82.80730438232422	0	0
feature_38	 	227.16276826171875	+1	98.05608367919922	0	0
feature_39	 	184.08424653320313	+1	78.65258026123047	0	0
feature_40	 	489.18403901367185	+1	178.69044494628906	0	0
feature_41	 	392.21516694335935	+1	289.2948913574219	0	0
feature_42	 	267.15730561523435	+1	294.0377502441406	0	0
feature_43	 	459.26155366210935	+1	543.1534423828125	0	0
feature_44	 	208.12066926269532	+1	76.27965545654297	0	0
feature_45	 	442.24226655273435	+1	341.04400634765625	0	0
feature_46	 	431.23018159179685	+1	527.911865234375	0	0
feature_47	 	260.1365231445312	+1	300.04443359375	0	0
feature_48	 	315.2040890625	+1	322.9442138671875	0	0
feature_49	 	168.08929719238282	+1	150.2202911376953	0	0
feature_50	 	2303.772191796875	+2	62.52588653564453	0	0
feature_51	 	241.17843903808594	+1	240.6457061767578	0	0
feature_52	 	300.1216916015625	+1	82.21176147460938	0	0
feature_53	 	196.12066926269532	+1	312.6827697753906	0	0
feature_54	 	1996.6966302734374	+2	54.69663619995117	0	0
feature_55	 	408.1541928222656	+1	499.10699462890625	0	0
feature_56	 	484.35001162109376	+2	297.0777893066406	0	0
feature_57	 	1130.8399408203124	+2	394.03302001953125	0	0
feature_58	 	436.185534375	+1	523.5015258789062	0	0
feature_59	 	989.8358029296875	+1	58.30553436279297	0	0
feature_60	 	234.1104611328125	+1	64.99980926513672	0	0
feature_61	 	406.2310666015625	+1	326.5686340332031	0	0
feature_62	 	1169.40281953125	+1	61.30527114868164	0	0
feature_63	 	442.19453706054685	+1	217.68780517578125	0	0
feature_64	 	1672.58640078125	+2	61.89718246459961	0	0
feature_65	 	262.13118256835935	+1	334.99078369140625	0	0
feature_66	 	845.4340084960937	+1	527.911865234375	0	0
feature_67	 	201.17151154785157	+1	63.15214920043945	0	0
feature_68	 	156.08931245117188	+1	92.77975463867188	0	0
feature_69	 	419.1939572265625	+1	428.5537414550781	0	0
feature_70	 	1476.4900998046876	+1	58.28383255004883	0	0
feature_71	 	904.6719720703124	+2	386.9156494140625	0	0
feature_72	 	415.22017182617185	+1	344.0796813964844	0	0
feature_73	 	2482.848363671875	+2	62.52588653564453	0	0
feature_74	 	376.1378354003906	+1	328.377197265625	0	0
feature_75	 	767.5287225585937	+2	309.6632080078125	0	0
feature_76	 	224.1518887451172	+1	248.08004760742188	0	0
feature_77	 	980.732396875	+2	616.8024291992188	0	0
feature_78	 	194.10498322753907	+1	264.0091552734375	0	0
feature_79	 	459.2615231445312	+1	527.911865234375	0	0
feature_80	 	359.1421994140625	+1	49.287288665771484	0	0
feature_81	 	301.1884640625	+1	275.695556640625	0	0
feature_82	 	484.3507260253906	+1	297.0777893066406	0	0
feature_83	 	212.1155117919922	+1	243.5694580078125	0	0
feature_84	 	1817.6142328125	+2	62.52588653564453	0	0
feature_85	 	227.12639130859375	+1	235.59742736816406	0	0
feature_86	 	211.09501923828125	+1	79.83723449707031	0	0
feature_87	 	1096.8162591796874	+2	647.85205078125	0	0
feature_88	 	227.13759125976563	+1	55.32030487060547	0	0
feature_89	 	283.1315182617187	+1	349.79168701171875	0	0
feature_90	 	440.2154416015625	+1	338.6039123535156	0	0
feature_91	 	309.1206540039062	+1	157.1431884765625	0	0
feature_92	 	194.10498322753907	+1	104.4669189453125	0	0
feature_93	 	716.1810788085937	+1	472.8005065917969	0	0
feature_94	 	198.09993256835938	+1	140.07994079589844	0	0
feature_95	 	678.503649609375	+1	376.2373352050781	0	0
feature_96	 	255.16899384765625	+1	139.70291137695312	0	0
feature_97	 	392.2153805664062	+1	274.5355529785156	0	0
feature_98	 	269.1846188476562	+1	280.3924560546875	0	0
feature_99	 	227.18793000488282	+1	475.4441833496094	0	0
feature_100	 	2320.80222109375	+2	54.69663619995117	0	0
feature_101	 	253.15338410644532	+1	82.80730438232422	0	0
feature_102	 	226.09477509765625	+1	193.6848602294922	0	0
feature_103	 	445.24580659179685	+1	527.911865234375	0	0
feature_104	 	378.1996334960937	+1	146.75643920898438	0	0
feature_105	 	266.1371029785156	+1	67.97503662109375	0	0
feature_106	 	226.13119782714844	+1	304.2261962890625	0	0
feature_107	 	421.24190034179685	+1	76.8704833984375	0	0
feature_108	 	904.6715573242187	+1	386.9156494140625	0	0
feature_109	 	221.14100922851563	+1	416.07177734375	0	0
feature_110	 	411.15706147460935	+1	238.39479064941406	0	0
feature_111	 	291.1577633789062	+1	81.02876281738281	0	0
feature_112	 	225.14717377929688	+1	76.27965545654297	0	0
feature_113	 	354.230212109375	+1	486.36407470703125	0	0
feature_114	 	521.1951168945312	+1	52.8185920715332	0	0
feature_115	 	1961.6546380859374	+2	62.52588653564453	0	0
feature_116	 	249.169909375	+1	475.4441833496094	0	0
feature_117	 	1834.6441400390624	+2	54.69663619995117	0	0
feature_118	 	1637.5540521484374	+2	54.071693420410156	0	0
feature_119	 	2141.724340234375	+2	58.30553436279297	0	0
feature_120	 	366.1421383789062	+1	274.5355529785156	0	0
feature_121	 	401.20454682617185	+1	314.48828125	0	0
feature_122	 	417.21455659179685	+1	499.10699462890625	0	0
feature_123	 	286.16356171875	+1	338.0057373046875	0	0
feature_124	 	1996.6910150390624	+2	62.52588653564453	0	0
feature_125	 	452.3358029296875	+1	357.2236022949219	0	0
feature_126	 	194.06865205078125	+1	79.83723449707031	0	0
feature_127	 	700.4854611328125	+1	376.2373352050781	0	0
feature_128	 	278.1261166503906	+1	318.08258056640625	0	0
feature_129	 	2627.876928125	+2	58.916988372802734	0	0
feature_130	 	707.50340546875	+1	653.02587890625	0	0
feature_131	 	198.10005463867188	+1	119.75812530517578	0	0
feature_132	 	678.50339296875	+2	376.2373352050781	0	0
feature_133	 	447.22517670898435	+1	429.1501159667969	0	0
feature_134	 	275.1362484863281	+1	82.80730438232422	0	0
feature_135	 	250.1424893310547	+1	116.39336395263672	0	0
feature_136	 	283.1315182617187	+1	376.8416442871094	0	0
feature_137	 	260.1158932617187	+1	304.25189208984375	0	0
feature_138	 	532.1390866210937	+1	194.1425018310547	0	0
feature_139	 	324.1050900390625	+1	49.88881301879883	0	0
feature_140	 	236.1266201904297	+1	70.33159637451172	0	0
feature_141	 	253.15332307128907	+1	104.4669189453125	0	0
feature_142	 	284.12678803710935	+1	282.1651916503906	0	0
feature_143	 	307.1638363769531	+1	224.5241241455078	0	0
feature_144	 	244.12062348632813	+1	370.3168640136719	0	0
feature_145	 	665.2366208007812	+1	63.851688385009766	0	0
feature_146	 	726.3546017578125	+1	284.3419494628906	0	0
feature_147	 	272.1478756835937	+1	308.4773254394531	0	0
feature_148	 	168.08931245117188	+1	188.69772338867188	0	0
feature_149	 	438.2148922851562	+1	386.64501953125	0	0
feature_150	 	304.1416195800781	+1	196.8306884765625	0	0
feature_151	 	1584.8753412109374	+2	411.1304931640625	0	0
feature_152	 	437.2309750488281	+1	351.4281005859375	0	0
feature_153	 	581.286852734375	+1	325.2489929199219	0	0
feature_154	 	1877.82761171875	+2	319.28887939453125	0	0
feature_155	 	601.2941159179687	+1	385.4725646972656	0	0
feature_156	 	616.2850827148437	+1	332.4039001464844	0	0
feature_157	 	456.21043671875	+1	312.0838928222656	0	0
feature_158	 	208.08429230957032	+1	192.60023498535156	0	0
feature_159	 	1147.6856564453126	+1	405.34075927734375	0	0
feature_160	 	419.19380463867185	+1	421.3562927246094	0	0
feature_161	 	334.21138276367185	+1	589.7584228515625	0	0
feature_162	 	210.13608063964844	+1	96.75938415527344	0	0
feature_163	 	437.1614865234375	+1	83.91497802734375	0	0
feature_164	 	721.327367578125	+2	312.0838928222656	0	0
feature_165	 	374.2046994140625	+1	292.7147216796875	0	0
feature_166	 	1570.8606927734374	+2	393.6551208496094	0	0
feature_167	 	4104.384483984375	+3	61.41045379638672	0	0
feature_168	 	990.3309201171875	+1	55.367576599121094	0	0
feature_169	 	301.1882809570312	+1	297.6795654296875	0	0
feature_170	 	767.5278250488282	+3	310.8773193359375	0	0
feature_171	 	2016.8271234375	+2	409.9837646484375	0	0
feature_172	 	234.099841015625	+1	199.7379608154297	0	0
feature_173	 	1586.8902337890624	+2	385.4725646972656	0	0
feature_174	 	321.1794613769531	+1	195.75086975097656	0	0
feature_175	 	681.3329953125	+1	324.0631103515625	0	0
feature_176	 	303.16878022460935	+1	283.16351318359375	0	0
feature_177	 	413.2269467285156	+1	284.3419494628906	0	0
feature_178	 	906.407445703125	+2	287.90087890625	0	0
feature_179	 	248.11552705078125	+1	314.4944763183594	0	0
feature_180	 	382.2211178710937	+1	320.48468017578125	0	0
feature_181	 	1779.8201654296874	+2	301.2806701660156	0	0
feature_182	 	1877.8274771484375	+3	319.28887939453125	0	0
feature_183	 	721.3282956054687	+1	312.0838928222656	0	0
feature_184	 	312.2294186523437	+1	589.7584228515625	0	0
feature_185	 	303.29194916992185	+1	540.0518798828125	0	0
feature_186	 	437.1793087890625	+1	295.198486328125	0	0
feature_187	 	356.2053402832031	+1	280.81787109375	0	0
feature_188	 	1510.537816796875	+2	57.857608795166016	0	0
feature_189	 	401.1524838378906	+1	63.851688385009766	0	0
feature_190	 	1422.8232171875	+2	404.17138671875	0	0
feature_191	 	375.1900509765625	+1	295.198486328125	0	0
feature_192	 	503.18452729492185	+1	56.633888244628906	0	0
feature_193	 	1188.71141328125	+1	398.36572265625	0	0
feature_194	 	227.12636079101563	+1	179.88377380371094	0	0
feature_195	 	424.1875485351562	+1	309.6772155761719	0	0
feature_196	 	384.1526974609375	+1	281.9953308105469	0	0
feature_197	 	210.09981049804688	+1	179.88377380371094	0	0
feature_198	 	394.194567578125	+1	80.41987609863281	0	0
feature_199	 	441.17427338867185	+1	115.17510986328125	0	0
feature_200	 	260.1155880859375	+1	307.288330078125	0	0
feature_201	 	462.17793549804685	+1	284.3419494628906	0	0
feature_202	 	386.1936520507812	+1	337.1850891113281	0	0
feature_203	 	458.1749752929687	+1	66.32034301757812	0	0
feature_204	 	1268.6036251953126	+1	362.01702880859375	0	0
feature_205	 	1408.8077142578124	+2	397.18597412109375	0	0
feature_206	 	4395.4544302734375	+3	63.851688385009766	0	0
feature_207	 	260.07905854492185	+1	130.17752075195312	0	0
feature_208	 	483.2323483398437	+1	138.8029327392578	0	0
feature_209	 	1773.765343359375	+3	74.54658508300781	0	0
feature_210	 	365.1692074707031	+1	192.60023498535156	0	0
feature_211	 	4411.4710318359375	+3	63.851688385009766	0	0
feature_212	 	1518.583226953125	+2	242.17384338378906	0	0
feature_213	 	407.18965424804685	+1	176.22593688964844	0	0
feature_214	 	266.1259945800781	+1	239.84552001953125	0	0
feature_215	 	509.25203217773435	+1	388.9864501953125	0	0
feature_216	 	447.22508515625	+1	437.04937744140625	0	0
feature_217	 	301.1882504394531	+1	209.6226348876953	0	0
feature_218	 	767.5286615234374	+2	304.890625	0	0
feature_219	 	726.3538568359374	+2	284.3419494628906	0	0
feature_220	 	424.1841916015625	+1	333.59881591796875	0	0
feature_221	 	365.1693295410156	+1	286.7192077636719	0	0
feature_222	 	479.2415036132812	+1	385.4725646972656	0	0
feature_223	 	1063.435277734375	+2	322.87481689453125	0	0
feature_224	 	491.2474545410156	+1	295.198486328125	0	0
feature_225	 	2304.7724359375	+2	55.367576599121094	0	0
feature_226	 	260.1366146972656	+1	289.0764465332031	0	0
feature_227	 	634.296130078125	+1	310.8773193359375	0	0
feature_228	 	394.1944455078125	+1	95.58704376220703	0	0
feature_229	 	649.197497265625	+1	53.06350326538086	0	0
feature_230	 	447.22517670898435	+1	413.41766357421875	0	0
feature_231	 	881.5595022949219	+3	332.4039001464844	0	0
feature_232	 	237.14714326171875	+1	285.52978515625	0	0
feature_233	 	250.14230622558594	+1	181.71405029296875	0	0
feature_234	 	236.11548127441407	+1	263.156982421875	0	0
feature_235	 	467.2413815429687	+1	354.96783447265625	0	0
feature_236	 	499.2750424316406	+1	278.4468078613281	0	0
feature_237	 	767.5278250488282	+3	304.890625	0	0
feature_238	 	598.382555859375	+1	333.59881591796875	0	0
feature_239	 	289.1379879882812	+1	48.28690719604492	0	0
feature_240	 	426.19966401367185	+1	318.0919494628906	0	0
feature_241	 	447.2112301757812	+1	281.9953308105469	0	0
feature_242	 	177.1008633544922	+1	99.09429931640625	0	0
feature_243	 	867.5445916992187	+2	319.28887939453125	0	0
feature_244	 	307.163805859375	+1	167.0915069580078	0	0
feature_245	 	398.1683224609375	+1	285.52978515625	0	0
feature_246	 	445.19893159179685	+1	70.99425506591797	0	0
feature_247	 	1436.838109765625	+2	411.1304931640625	0	0
feature_248	 	225.11090363769532	+1	119.80319213867188	0	0
feature_249	 	1164.7391107421874	+2	331.2105407714844	0	0
feature_250	 	655.1743649414062	+1	385.4725646972656	0	0
feature_251	 	224.15187348632813	+1	241.00672912597656	0	0
feature_252	 	225.06634797363282	+1	62.594276428222656	0	0
feature_253	 	415.169176953125	+1	62.594276428222656	0	0
feature_254	 	315.17878999023435	+1	297.6795654296875	0	0
feature_255	 	289.1453732421875	+1	158.5533447265625	0	0
feature_256	 	1674.6478021484374	+2	256.1603698730469	0	0
feature_257	 	214.13110627441407	+1	236.35867309570312	0	0
feature_258	 	189.04208649902344	+1	301.2806701660156	0	0
feature_259	 	206.05737580566407	+1	345.507568359375	0	0
feature_260	 	200.11560334472657	+1	204.97628784179688	0	0
feature_261	 	465.21065034179685	+1	330.01373291015625	0	0
feature_262	 	440.21528901367185	+1	347.873779296875	0	0
feature_263	 	1566.86569765625	+2	400.6985778808594	0	0
feature_264	 	1001.6282223632812	+1	399.5482482910156	0	0
feature_265	 	1390.8204095703124	+2	400.6985778808594	0	0
feature_266	 	375.2555111816406	+1	635.118896484375	0	0
feature_267	 	365.1692379882812	+1	264.3309631347656	0	0
feature_268	 	1165.6953	+1	388.9864501953125	0	0
feature_269	 	881.5611447265625	+1	332.4039001464844	0	0
feature_270	 	347.18391694335935	+1	372.59649658203125	0	0
feature_271	 	1233.5982416015624	+2	287.90087890625	0	0
feature_272	 	726.3545407226562	+1	273.7266540527344	0	0
feature_273	 	230.10490693359375	+1	330.01373291015625	0	0
feature_274	 	613.1638668945312	+1	351.4281005859375	0	0
feature_275	 	481.188219921875	+1	318.0919494628906	0	0
feature_276	 	942.5182370117187	+1	472.8817138671875	0	0
feature_277	 	329.2559994628906	+1	509.317626953125	0	0
feature_278	 	462.2253903320312	+1	102.53783416748047	0	0
feature_279	 	1961.78464296875	+2	409.9837646484375	0	0
feature_280	 	194.10492219238282	+1	83.91497802734375	0	0
feature_281	 	1160.4005001953126	+1	63.851688385009766	0	0
feature_282	 	448.15901459960935	+1	320.48468017578125	0	0
feature_283	 	712.4136102539062	+2	362.01702880859375	0	0
feature_284	 	1169.4053830078126	+1	55.367576599121094	0	0
feature_285	 	4393.44869296875	+3	63.851688385009766	0	0
feature_286	 	209.07159699707032	+1	53.06350326538086	0	0
feature_287	 	317.15803803710935	+1	267.8396301269531	0	0
feature_288	 	288.1468380859375	+1	365.5539245605469	0	0
feature_289	 	384.21162690429685	+1	298.8759765625	0	0
feature_290	 	622.2632931640625	+1	335.9820556640625	0	0
feature_291	 	365.169176953125	+1	177.9726104736328	0	0
feature_292	 	486.221911328125	+1	295.198486328125	0	0
feature_293	 	1296.4214962890626	+1	63.851688385009766	0	0
feature_294	 	267.15770234375	+1	287.90087890625	0	0
feature_295	 	1422.8230951171874	+2	388.9864501953125	0	0
feature_296	 	268.0988034179687	+1	74.54658508300781	0	0
feature_297	 	280.10530366210935	+1	297.6795654296875	0	0
feature_298	 	3924.311241796875	+3	61.41045379638672	0	0
feature_299	 	643.3424557617187	+1	306.0940246582031	0	0
feature_300	 	364.18391694335935	+1	135.89422607421875	0	0
feature_301	 	1944.632543359375	+2	56.633888244628906	0	0
feature_302	 	302.1372555664062	+1	215.4223175048828	0	0
feature_303	 	919.4643915039062	+2	313.29144287109375	0	0
feature_304	 	481.2056149414062	+1	319.28887939453125	0	0
feature_305	 	424.1491879394531	+1	421.3562927246094	0	0
feature_306	 	618.3736447265625	+1	349.05975341796875	0	0
feature_307	 	568.284411328125	+1	322.87481689453125	0	0
feature_308	 	436.18550385742185	+1	541.8902587890625	0	0
feature_309	 	210.0998867919922	+1	285.52978515625	0	0
feature_310	 	200.11557282714844	+1	215.4223175048828	0	0
feature_311	 	695.2298458984375	+1	54.18975830078125	0	0
feature_312	 	264.1104000976562	+1	143.44964599609375	0	0
feature_313	 	421.20552338867185	+1	79.25255584716797	0	0
feature_314	 	1164.7395254882813	+3	331.2105407714844	0	0
feature_315	 	390.1997555664062	+1	297.6795654296875	0	0
feature_316	 	982.4715326171874	+2	307.288330078125	0	0
feature_317	 	980.8294552734375	+1	56.633888244628906	0	0
feature_318	 	503.18403901367185	+1	63.851688385009766	0	0
feature_319	 	587.2847165039062	+1	315.697021484375	0	0
feature_320	 	159.06785859375	+1	182.62725830078125	0	0
feature_321	 	266.0694760253906	+1	158.5533447265625	0	0
feature_322	 	236.12672700195313	+1	83.91497802734375	0	0
feature_323	 	640.2808712890625	+1	230.53631591796875	0	0
feature_324	 	310.09813203125	+1	264.3309631347656	0	0
feature_325	 	374.20466889648435	+1	274.9047546386719	0	0
feature_326	 	459.21480073242185	+1	115.17510986328125	0	0
feature_327	 	447.22505463867185	+1	421.3562927246094	0	0
feature_328	 	863.4624994140624	+2	330.01373291015625	0	0
feature_329	 	2482.85593203125	+2	56.633888244628906	0	0
feature_330	 	348.131579296875	+1	277.263916015625	0	0
feature_331	 	292.10530366210935	+1	178.8101043701172	0	0
feature_332	 	2102.9756094726563	+3	301.2806701660156	0	0
feature_333	 	456.21028413085935	+1	287.90087890625	0	0
feature_334	 	1406.827868359375	+1	404.17138671875	0	0
feature_335	 	584.366930859375	+1	307.288330078125	0	0
feature_336	 	254.16240205078125	+1	127.94189453125	0	0
feature_337	 	333.1319455078125	+1	331.2105407714844	0	0
feature_338	 	2449.820043359375	+2	55.367576599121094	0	0
feature_339	 	270.05223359375	+1	380.7924499511719	0	0
feature_340	 	244.12059296875	+1	360.8400573730469	0	0
feature_341	 	667.3902462890625	+1	322.87481689453125	0	0
feature_342	 	1774.54440859375	+2	259.65655517578125	0	0
feature_343	 	3779.2781607421875	+3	61.41045379638672	0	0
feature_344	 	413.2268551757812	+1	204.97628784179688	0	0
feature_345	 	402.1672543457031	+1	413.41766357421875	0	0
feature_346	 	256.15291108398435	+1	220.7404327392578	0	0
feature_347	 	327.1900814941406	+1	273.7266540527344	0	0
feature_348	 	566.126696484375	+1	346.69146728515625	0	0
feature_349	 	1070.8619259765626	+1	56.633888244628906	0	0
feature_350	 	386.17232026367185	+1	511.8930358886719	0	0
feature_351	 	402.167223828125	+1	428.9418640136719	0	0
feature_352	 	1764.9393060546874	+2	381.96514892578125	0	0
feature_353	 	4283.4634634765625	+3	63.851688385009766	0	0
feature_354	 	1674.647680078125	+2	265.49798583984375	0	0
feature_355	 	288.1138791015625	+1	253.82752990722656	0	0
feature_356	 	249.10827912597657	+1	235.19020080566406	0	0
feature_357	 	1179.5406244140624	+2	312.0838928222656	0	0
feature_358	 	4265.4348990234375	+3	62.594276428222656	0	0
feature_359	 	1967.771215234375	+2	411.1304931640625	0	0
feature_360	 	501.223376171875	+1	385.4725646972656	0	0
feature_361	 	414.1632260253906	+1	142.28424072265625	0	0
feature_362	 	224.1155117919922	+1	298.8759765625	0	0
feature_363	 	479.226305859375	+1	344.31329345703125	0	0
feature_364	 	485.24812592773435	+1	306.0940246582031	0	0
feature_365	 	185.21379365234375	+1	405.34075927734375	0	0
feature_366	 	1438.81784609375	+2	384.31109619140625	0	0
feature_367	 	463.25239838867185	+1	296.43804931640625	0	0
feature_368	 	288.0838803222656	+1	173.91168212890625	0	0
feature_369	 	881.560277734375	+2	332.4039001464844	0	0
feature_370	 	278.08540620117185	+1	478.78961181640625	0	0
feature_371	 	477.1788205078125	+1	92.08195495605469	0	0
feature_372	 	386.17232026367185	+1	492.4650573730469	0	0
feature_373	 	1588.87058046875	+2	377.2853698730469	0	0
feature_374	 	193.12102021484375	+1	103.65977478027344	0	0
feature_375	 	198.0998867919922	+1	82.77523803710938	0	0
feature_376	 	424.14924897460935	+1	437.04937744140625	0	0
feature_377	 	2788.948949609375	+2	63.851688385009766	0	0
feature_378	 	1746.9290521484374	+2	394.8336181640625	0	0
feature_379	 	473.0704525878906	+1	54.18975830078125	0	0
feature_380	 	1001.6278561523437	+1	405.34075927734375	0	0
feature_381	 	492.27327241210935	+1	339.5658874511719	0	0
feature_382	 	465.177477734375	+1	82.77523803710938	0	0
feature_383	 	1493.5110958984376	+1	54.18975830078125	0	0
feature_384	 	207.1253537109375	+1	386.64501953125	0	0
feature_385	 	432.1262692382812	+1	321.6786193847656	0	0
feature_386	 	250.09503449707032	+1	110.5286636352539	0	0
feature_387	 	260.15184296875	+1	424.4415588378906	0	0
feature_388	 	291.1213864257812	+1	120.96604919433594	0	0
feature_389	 	493.26314057617185	+1	284.3419494628906	0	0
feature_390	 	390.19026459960935	+1	301.2806701660156	0	0
feature_391	 	422.2048825195312	+1	339.5658874511719	0	0
feature_392	 	228.14679230957032	+1	326.4296569824219	0	0
feature_393	 	2108.818334375	+2	400.6985778808594	0	0
feature_394	 	154.07370270996094	+1	112.86248779296875	0	0
feature_395	 	390.19978608398435	+1	273.7266540527344	0	0
feature_396	 	370.2098263671875	+1	327.6208801269531	0	0
feature_397	 	400.1953305175781	+1	325.2489929199219	0	0
feature_398	 	439.2413205078125	+1	396.0151062011719	0	0
feature_399	 	1616.9017083984374	+2	391.3173522949219	0	0
feature_400	 	455.22627534179685	+1	114.01228332519531	0	0
feature_401	 	1440.83347109375	+2	388.9864501953125	0	0
feature_402	 	388.22041596679685	+1	334.79486083984375	0	0
feature_403	 	1612.721410546875	+2	302.47222900390625	0	0
feature_404	 	360.1749447753906	+1	48.28690719604492	0	0
feature_405	 	683.2477291992187	+1	55.367576599121094	0	0
feature_406	 	481.2056759765625	+1	308.4773254394531	0	0
feature_407	 	625.163805859375	+1	387.8284606933594	0	0
feature_408	 	310.1158627441406	+1	184.69921875	0	0
feature_409	 	1319.4507931640626	+1	63.851688385009766	0	0
feature_410	 	211.06727875976563	+1	89.73577880859375	0	0
feature_411	 	407.189684765625	+1	70.99425506591797	0	0
feature_412	 	477.17097749023435	+1	73.35359191894531	0	0
feature_413	 	713.240466015625	+1	54.18975830078125	0	0
feature_414	 	674.2754391601562	+1	306.0940246582031	0	0
feature_415	 	598.3817499023437	+2	333.59881591796875	0	0
feature_416	 	1568.8797357421874	+2	399.5482482910156	0	0
feature_417	 	390.1376217773437	+1	63.851688385009766	0	0
feature_418	 	1097.49851015625	+2	312.0838928222656	0	0
feature_419	 	584.3663080078124	+2	314.4944763183594	0	0
feature_420	 	284.1981076171875	+1	542.8031005859375	0	0
feature_421	 	528.3760125976562	+2	307.288330078125	0	0
feature_422	 	3618.2273794921875	+3	62.594276428222656	0	0
feature_423	 	1548.8543451171874	+2	400.6985778808594	0	0
feature_424	 	1594.7112787109374	+2	313.29144287109375	0	0
feature_425	 	208.12062348632813	+1	293.9628601074219	0	0
feature_426	 	161.0471524169922	+1	302.47222900390625	0	0
feature_427	 	1602.885961328125	+2	385.4725646972656	0	0
feature_428	 	320.1478451660156	+1	344.31329345703125	0	0
feature_429	 	439.24251069335935	+1	308.4773254394531	0	0
feature_430	 	584.3671139648437	+1	314.4944763183594	0	0
feature_431	 	2282.8677603515625	+3	276.0868835449219	0	0
feature_432	 	486.1578854492187	+1	55.367576599121094	0	0
feature_433	 	3797.3067251953125	+3	61.41045379638672	0	0
feature_434	 	229.10563935546875	+1	81.60004425048828	0	0
feature_435	 	229.10566987304688	+1	88.56102752685547	0	0
feature_436	 	301.22468842773435	+1	543.388916015625	0	0
feature_437	 	390.1899594238281	+1	277.263916015625	0	0
feature_438	 	1098.68356875	+2	360.8400573730469	0	0
feature_439	 	186.11850251464844	+1	457.53857421875	0	0
feature_440	 	402.1671627929687	+1	421.3562927246094	0	0
feature_441	 	434.21922578125	+1	75.7359390258789	0	0
feature_442	 	380.1788815429687	+1	78.09210205078125	0	0
feature_443	 	258.13618745117185	+1	252.67019653320312	0	0
feature_444	 	639.3226193359375	+1	315.697021484375	0	0
feature_445	 	364.1839779785156	+1	112.86248779296875	0	0
feature_446	 	244.08400239257813	+1	296.43804931640625	0	0
feature_447	 	535.238512890625	+1	76.91045379638672	0	0
feature_448	 	274.0978268554687	+1	122.13261413574219	0	0
feature_449	 	519.3052853515625	+1	338.3695983886719	0	0
feature_450	 	1500.57370546875	+2	287.90087890625	0	0
feature_451	 	445.23054780273435	+1	458.3653869628906	0	0
feature_452	 	273.1107663085937	+1	316.8935546875	0	0
feature_453	 	1385.9605587890626	+1	63.851688385009766	0	0
feature_454	 	387.2555416992187	+1	637.7842407226562	0	0
feature_455	 	406.2309750488281	+1	334.79486083984375	0	0
feature_456	 	899.8031491210937	+1	56.633888244628906	0	0
feature_457	 	374.1585568359375	+1	298.8759765625	0	0
feature_458	 	414.20360078125	+1	541.2241821289062	0	0
feature_459	 	1612.7209708007813	+3	302.47222900390625	0	0
feature_460	 	261.1107357910156	+1	297.6795654296875	0	0
feature_461	 	1974.879613671875	+2	325.2489929199219	0	0
feature_462	 	432.1851071289062	+1	298.8759765625	0	0
feature_463	 	484.35022524414063	+2	287.90087890625	0	0
feature_464	 	254.15117158203125	+1	102.53783416748047	0	0
feature_465	 	329.2559994628906	+1	589.7584228515625	0	0
feature_466	 	386.17235078125	+1	483.22369384765625	0	0
feature_467	 	410.15474213867185	+1	331.2105407714844	0	0
feature_468	 	440.12556733398435	+1	53.06350326538086	0	0
feature_469	 	4248.4178091796875	+3	63.851688385009766	0	0
feature_470	 	4086.3636099609375	+3	63.851688385009766	0	0
feature_471	 	1422.8228634765626	+1	404.17138671875	0	0
feature_472	 	428.1789730957031	+1	292.7147216796875	0	0
feature_473	 	418.19600190429685	+1	310.8773193359375	0	0
feature_474	 	323.13765229492185	+1	285.52978515625	0	0
feature_475	 	1945.7906244140624	+2	411.1304931640625	0	0
feature_476	 	539.2477291992187	+1	310.8773193359375	0	0
feature_477	 	2447.817601953125	+2	61.41045379638672	0	0
feature_478	 	403.12520112304685	+1	310.8773193359375	0	0
feature_479	 	4427.4872671875	+3	63.851688385009766	0	0
feature_480	 	473.2617672851562	+1	494.04583740234375	0	0
feature_481	 	3763.259728125	+3	61.41045379638672	0	0
feature_482	 	1388.8150384765624	+2	400.6985778808594	0	0
feature_483	 	398.16829194335935	+1	267.8396301269531	0	0
feature_484	 	353.1370114257812	+1	345.507568359375	0	0
feature_485	 	471.26863374023435	+1	246.83493041992188	0	0
feature_486	 	180.08944978027344	+1	118.63442993164062	0	0
feature_487	 	598.3818109375	+2	326.4296569824219	0	0
feature_488	 	2807.962621484375	+2	56.633888244628906	0	0
feature_489	 	598.3827389648437	+1	327.6208801269531	0	0
feature_490	 	356.205309765625	+1	198.9864044189453	0	0
feature_491	 	250.14235200195313	+1	228.29385375976562	0	0
feature_492	 	439.204821484375	+1	283.16351318359375	0	0
feature_493	 	350.16841401367185	+1	119.80319213867188	0	0
feature_494	 	4068.3427359375	+3	63.851688385009766	0	0
feature_495	 	1404.812719140625	+2	404.17138671875	0	0
feature_496	 	788.318591015625	+1	304.890625	0	0
feature_497	 	2791.93893984375	+2	56.633888244628906	0	0
feature_498	 	188.11525239257813	+1	62.594276428222656	0	0
feature_499	 	246.13621796875	+1	392.4891052246094	0	0
feature_500	 	420.1392086914062	+1	51.93358612060547	0	0
feature_501	 	672.2787350585937	+1	411.1304931640625	0	0
feature_502	 	366.17854584960935	+1	327.6208801269531	0	0
feature_503	 	236.1267422607422	+1	102.53783416748047	0	0
feature_504	 	211.09472932128907	+1	89.73577880859375	0	0
feature_505	 	653.0876950195312	+1	75.7359390258789	0	0
feature_506	 	205.14607514648438	+1	465.4527893066406	0	0
feature_507	 	238.13115205078125	+1	333.59881591796875	0	0
feature_508	 	1584.87546328125	+2	385.4725646972656	0	0
feature_509	 	430.205309765625	+1	63.851688385009766	0	0
feature_510	 	303.14277924804685	+1	281.9953308105469	0	0
feature_511	 	503.283923046875	+1	345.507568359375	0	0
feature_512	 	356.1942318847656	+1	274.9047546386719	0	0
feature_513	 	301.19954194335935	+1	321.6786193847656	0	0
feature_514	 	489.26826752929685	+1	322.87481689453125	0	0
feature_515	 	1424.8382318359374	+2	388.9864501953125	0	0
feature_516	 	655.1744870117187	+1	372.59649658203125	0	0
feature_517	 	426.19969453125	+1	309.6772155761719	0	0
feature_518	 	1252.619115625	+2	358.4830017089844	0	0
feature_519	 	363.255602734375	+1	633.1229858398438	0	0
feature_520	 	239.024645703125	+1	318.0919494628906	0	0
feature_521	 	269.1844357421875	+1	292.7147216796875	0	0
feature_522	 	1293.74363984375	+1	404.17138671875	0	0
feature_523	 	1422.8230951171874	+2	398.36572265625	0	0
feature_524	 	967.62254609375	+1	417.4934387207031	0	0
feature_525	 	211.06701936035157	+1	53.06350326538086	0	0
feature_526	 	1629.6163080078124	+2	290.26531982421875	0	0
feature_527	 	244.08757294921875	+1	110.5286636352539	0	0
feature_528	 	585.25438203125	+1	360.8400573730469	0	0
feature_529	 	1061.8553341796876	+1	63.851688385009766	0	0
feature_530	 	449.2479428222656	+1	76.91045379638672	0	0
feature_531	 	349.1270932128906	+1	300.0750427246094	0	0
feature_532	 	1001.6285885742187	+1	392.4891052246094	0	0
feature_533	 	306.1800412109375	+1	543.388916015625	0	0
feature_534	 	447.21126069335935	+1	306.0940246582031	0	0
feature_535	 	207.12536896972657	+1	376.0951232910156	0	0
feature_536	 	484.3508786132812	+1	287.90087890625	0	0
feature_537	 	325.1155270507812	+1	67.49940490722656	0	0
feature_538	 	374.1796139648437	+1	278.4468078613281	0	0
feature_539	 	2933.974828515625	+2	61.41045379638672	0	0
feature_540	 	384.1526974609375	+1	260.8210144042969	0	0
feature_541	 	501.293200390625	+1	526.6546630859375	0	0
feature_542	 	701.205309765625	+1	635.118896484375	0	0
feature_543	 	1539.6794668945313	+3	230.53631591796875	0	0
feature_544	 	405.1995114257812	+1	331.2105407714844	0	0
feature_545	 	1145.670153515625	+1	400.6985778808594	0	0
feature_546	 	382.2210873535156	+1	274.9047546386719	0	0
feature_547	 	1406.8271234375	+2	400.6985778808594	0	0
feature_548	 	964.4999875	+1	472.8817138671875	0	0
feature_549	 	1331.4583615234376	+1	61.41045379638672	0	0
feature_550	 	201.20869721679688	+1	411.1304931640625	0	0
feature_551	 	287.1409787109375	+1	143.44964599609375	0	0
feature_552	 	179.09407319335938	+1	318.0919494628906	0	0
feature_553	 	456.2103451660156	+1	297.6795654296875	0	0
feature_554	 	356.2053708007812	+1	261.9883117675781	0	0
feature_555	 	388.2204770019531	+1	327.6208801269531	0	0
feature_556	 	258.13618745117185	+1	407.64208984375	0	0
feature_557	 	191.1304806640625	+1	441.979248046875	0	0
feature_558	 	983.617907421875	+1	392.4891052246094	0	0
feature_559	 	1584.8755853515624	+2	400.6985778808594	0	0
feature_560	 	440.19417084960935	+1	400.6985778808594	0	0
feature_561	 	4444.5091177734375	+3	63.851688385009766	0	0
feature_562	 	490.1948422363281	+1	322.87481689453125	0	0
feature_563	 	443.1831234863281	+1	66.32034301757812	0	0
feature_564	 	270.12227143554685	+1	56.633888244628906	0	0
feature_565	 	462.2255734375	+1	82.77523803710938	0	0
feature_566	 	442.1080807617187	+1	234.0269012451172	0	0
feature_567	 	246.1210049560547	+1	141.12249755859375	0	0
feature_568	 	299.1475705078125	+1	324.0631103515625	0	0
feature_569	 	363.0569333007812	+1	65.0925521850586	0	0
feature_570	 	4122.4130484375	+3	63.851688385009766	0	0
feature_571	 	726.3539178710937	+2	273.7266540527344	0	0
feature_572	 	287.1950863769531	+1	102.53783416748047	0	0
feature_573	 	983.6176022460937	+1	408.8065490722656	0	0
feature_574	 	363.1900814941406	+1	291.4546813964844	0	0
feature_575	 	418.162341015625	+1	360.8400573730469	0	0
feature_576	 	281.17332734375	+1	309.6772155761719	0	0
feature_577	 	289.13960541992185	+1	293.9628601074219	0	0
feature_578	 	375.2555111816406	+1	646.2652587890625	0	0
feature_579	 	1355.583959375	+2	312.0838928222656	0	0
feature_580	 	666.2211178710937	+1	55.367576599121094	0	0
feature_581	 	374.2047604492187	+1	303.6744384765625	0	0
feature_582	 	505.2531918457031	+1	304.890625	0	0
feature_583	 	477.23176850585935	+1	278.4468078613281	0	0
feature_584	 	227.13714875488282	+1	63.851688385009766	0	0
feature_585	 	384.2114743164062	+1	259.65655517578125	0	0
feature_586	 	1598.89108828125	+2	407.64208984375	0	0
feature_587	 	1454.849584375	+2	394.8336181640625	0	0
feature_588	 	168.08932770996094	+1	197.82647705078125	0	0
feature_589	 	350.1681393554687	+1	66.32034301757812	0	0
feature_590	 	1406.826391015625	+2	390.1549377441406	0	0
feature_591	 	810.2632321289062	+1	55.367576599121094	0	0
feature_592	 	912.507555859375	+1	479.86822509765625	0	0
feature_593	 	613.1638668945312	+1	364.3794250488281	0	0
feature_594	 	343.1737545898437	+1	309.6772155761719	0	0
feature_595	 	303.14241303710935	+1	271.3609924316406	0	0
feature_596	 	1483.6788080078124	+2	301.2806701660156	0	0
feature_597	 	1493.5113400390626	+1	61.41045379638672	0	0
feature_598	 	2130.9817740234375	+3	303.6744384765625	0	0
feature_599	 	424.1866940429687	+1	301.2806701660156	0	0
feature_600	 	288.1464108398437	+1	250.33428955078125	0	0
feature_601	 	415.2200192382812	+1	332.4039001464844	0	0
feature_602	 	627.2156857421875	+1	53.06350326538086	0	0
feature_603	 	261.11091889648435	+1	303.6744384765625	0	0
feature_604	 	406.23103608398435	+1	314.4944763183594	0	0
feature_605	 	265.1460141113281	+1	559.656005859375	0	0
feature_606	 	430.2058285644531	+1	277.263916015625	0	0
feature_607	 	230.16243256835938	+1	347.873779296875	0	0
feature_608	 	436.20967377929685	+1	56.633888244628906	0	0
feature_609	 	630.3121212890625	+1	332.4039001464844	0	0
feature_610	 	350.1683224609375	+1	143.44964599609375	0	0
feature_611	 	4232.3997427734375	+3	62.594276428222656	0	0
feature_612	 	845.3002194335937	+1	55.367576599121094	0	0
feature_613	 	956.4973629882812	+1	426.35498046875	0	0
feature_614	 	418.14375581054685	+1	53.06350326538086	0	0
feature_615	 	985.6320065429687	+1	411.1304931640625	0	0
feature_616	 	448.19526948242185	+1	350.2426452636719	0	0
feature_617	 	285.1318539550781	+1	293.9628601074219	0	0
feature_618	 	402.167223828125	+1	437.04937744140625	0	0
feature_619	 	489.3296994140625	+1	601.5687866210938	0	0
feature_620	 	246.09991730957032	+1	373.9901123046875	0	0
feature_621	 	575.3162106445312	+1	347.4400939941406	0	0
feature_622	 	492.2315854003906	+1	382.34136962890625	0	0
feature_623	 	466.2536801269531	+1	600.3799438476562	0	0
feature_624	 	2811.09616640625	+2	345.0254211425781	0	0
feature_625	 	677.256579296875	+1	348.6841735839844	0	0
feature_626	 	457.18037690429685	+1	233.66079711914062	0	0
feature_627	 	400.2317379882812	+1	320.5846252441406	0	0
feature_628	 	2988.166723046875	+2	342.5674133300781	0	0
feature_629	 	616.4154538085937	+1	393.20452880859375	0	0
feature_630	 	624.3058346679687	+1	306.03155517578125	0	0
feature_631	 	655.2747677734375	+1	348.6841735839844	0	0
feature_632	 	420.3095578125	+1	513.6401977539062	0	0
feature_633	 	224.1882656982422	+1	486.8493347167969	0	0
feature_634	 	2649.042211328125	+2	357.1395568847656	0	0
feature_635	 	499.3716305664062	+1	470.7689514160156	0	0
feature_636	 	505.178942578125	+1	69.66893768310547	0	0
feature_637	 	382.1987790039062	+1	611.0703125	0	0
feature_638	 	415.2928646972656	+1	594.3441162109375	0	0
feature_639	 	153.15046967773438	+1	61.20008850097656	0	0
feature_640	 	602.2740353515625	+1	283.5102233886719	0	0
feature_641	 	437.1892575195312	+1	88.7630386352539	0	0
feature_642	 	613.26315859375	+2	290.5894775390625	0	0
feature_643	 	2691.054418359375	+2	352.29876708984375	0	0
feature_644	 	239.151598828125	+1	359.54241943359375	0	0
feature_645	 	156.125719921875	+1	401.62774658203125	0	0
feature_646	 	1297.42576875	+1	51.509498596191406	0	0
feature_647	 	254.15126313476563	+1	415.9554748535156	0	0
feature_648	 	457.14253510742185	+1	62.45261001586914	0	0
feature_649	 	2692.0575921875	+2	361.95556640625	0	0
feature_650	 	513.3296994140625	+1	644.1766357421875	0	0
feature_651	 	559.3211544921875	+1	353.5516662597656	0	0
feature_652	 	371.26655854492185	+1	591.9486694335938	0	0
feature_653	 	276.1332272460937	+1	414.771240234375	0	0
feature_654	 	370.2350338867187	+1	594.3441162109375	0	0
feature_655	 	192.15088166503907	+1	442.1531677246094	0	0
feature_656	 	459.28279389648435	+1	603.9434814453125	0	0
feature_657	 	1475.501683984375	+2	51.509498596191406	0	0
feature_658	 	158.14132966308594	+1	358.3487243652344	0	0
feature_659	 	252.17201508789063	+1	382.34136962890625	0	0
feature_660	 	2565.02194765625	+2	341.3302307128906	0	0
feature_661	 	1090.4927728515624	+2	302.4249572753906	0	0
feature_662	 	559.3212765625	+1	342.5674133300781	0	0
feature_663	 	459.2616452148437	+1	512.4989624023438	0	0
feature_664	 	240.13556184082032	+1	456.2331848144531	0	0
feature_665	 	2867.12253359375	+2	358.3487243652344	0	0
feature_666	 	298.1927975585937	+1	414.771240234375	0	0
feature_667	 	2593.0165765625	+2	342.5674133300781	0	0
feature_668	 	205.05809296875	+1	47.8638801574707	0	0
feature_669	 	382.196032421875	+1	199.4755859375	0	0
feature_670	 	165.11479462890625	+1	364.3614196777344	0	0
feature_671	 	369.25105561523435	+1	385.9564208984375	0	0
feature_672	 	322.1751583984375	+1	427.8924255371094	0	0
feature_673	 	459.2616146972656	+1	523.4430541992188	0	0
feature_674	 	613.2642697265625	+1	320.5846252441406	0	0
feature_675	 	392.2171505859375	+1	410.04071044921875	0	0
feature_676	 	314.17244233398435	+1	480.97039794921875	0	0
feature_677	 	351.2405270507812	+1	420.7302551269531	0	0
feature_678	 	771.570055859375	+1	634.7432861328125	0	0
feature_679	 	1394.961657421875	+1	61.20008850097656	0	0
feature_680	 	400.23176850585935	+1	332.79290771484375	0	0
feature_681	 	264.1039303710937	+1	45.4801025390625	0	0
feature_682	 	385.2461422851562	+1	597.9644165039062	0	0
feature_683	 	285.1934994628906	+1	367.9886474609375	0	0
feature_684	 	340.23567475585935	+1	550.2778930664062	0	0
feature_685	 	570.2068966796875	+1	453.91265869140625	0	0
feature_686	 	2106.67526796875	+2	61.20008850097656	0	0
feature_687	 	238.1563595703125	+1	526.8812255859375	0	0
feature_688	 	297.10676850585935	+1	132.9600372314453	0	0
feature_689	 	160.12465180664063	+1	413.58843994140625	0	0
feature_690	 	513.1644162109375	+1	335.2039489746094	0	0
feature_691	 	388.2682064941406	+1	329.13348388671875	0	0
feature_692	 	823.5775506835937	+2	373.9901123046875	0	0
feature_693	 	242.1261319091797	+1	320.5846252441406	0	0
feature_694	 	442.2422970703125	+1	320.5846252441406	0	0
feature_695	 	2644.89450625	+2	61.20008850097656	0	0
feature_696	 	337.3340329101562	+1	612.261474609375	0	0
feature_697	 	353.2561215332031	+1	449.1982727050781	0	0
feature_698	 	565.2516354492187	+1	453.91265869140625	0	0
feature_699	 	284.19819916992185	+1	437.3899841308594	0	0
feature_700	 	459.15742768554685	+1	61.20008850097656	0	0
feature_701	 	415.32930268554685	+1	654.8397827148438	0	0
feature_702	 	283.1890133789062	+1	338.8791198730469	0	0
feature_703	 	174.1402920654297	+1	442.1531677246094	0	0
feature_704	 	331.23543061523435	+1	577.4818115234375	0	0
feature_705	 	270.1825436523437	+1	392.0047302246094	0	0
feature_706	 	464.2241696289062	+1	353.5516662597656	0	0
feature_707	 	316.2003048828125	+1	401.62774658203125	0	0
feature_708	 	459.2828244140625	+1	550.2778930664062	0	0
feature_709	 	544.3582638671875	+1	315.6947937011719	0	0
feature_710	 	191.08014191894532	+1	198.47012329101562	0	0
feature_711	 	206.13012971191407	+1	399.2216491699219	0	0
feature_712	 	1421.6248529296874	+2	383.5470275878906	0	0
feature_713	 	333.168200390625	+1	289.41864013671875	0	0
feature_714	 	481.36091889648435	+1	542.0582885742188	0	0
feature_715	 	560.3164547851562	+1	297.6459655761719	0	0
feature_716	 	181.1097287109375	+1	184.1002655029297	0	0
feature_717	 	682.3840817382812	+1	382.34136962890625	0	0
feature_718	 	586.332262890625	+1	325.5163879394531	0	0
feature_719	 	603.17625703125	+1	146.5718994140625	0	0
feature_720	 	479.34529389648435	+1	582.5884399414062	0	0
feature_721	 	672.441637890625	+1	424.3140869140625	0	0
feature_722	 	466.2003354003906	+1	316.8763122558594	0	0
feature_723	 	461.2984494140625	+1	601.5687866210938	0	0
feature_724	 	190.13519562988282	+1	381.142822265625	0	0
feature_725	 	591.201891796875	+1	81.64828491210938	0	0
feature_726	 	555.37645234375	+1	647.73291015625	0	0
feature_727	 	546.3011349609375	+1	302.4249572753906	0	0
feature_728	 	693.3329342773437	+1	308.4490966796875	0	0
feature_729	 	149.06929291992188	+1	61.20008850097656	0	0
feature_730	 	273.1319455078125	+1	395.6101989746094	0	0
feature_731	 	2320.790746484375	+2	61.20008850097656	0	0
feature_732	 	502.3113278320312	+1	312.0740966796875	0	0
feature_733	 	671.2175778320312	+1	333.99951171875	0	0
feature_734	 	297.1068295410156	+1	116.44277954101562	0	0
feature_735	 	357.18953217773435	+1	342.5674133300781	0	0
feature_736	 	1830.65671328125	+2	361.95556640625	0	0
feature_737	 	241.14207734375	+1	174.7786102294922	0	0
feature_738	 	210.16137971191407	+1	442.1531677246094	0	0
feature_739	 	471.28270234375	+1	568.8090209960938	0	0
feature_740	 	593.2830075195312	+1	453.91265869140625	0	0
feature_741	 	268.1669796875	+1	423.11077880859375	0	0
feature_742	 	415.2059811523437	+1	324.3085632324219	0	0
feature_743	 	423.35554780273435	+1	648.92041015625	0	0
feature_744	 	2783.101293359375	+2	345.0254211425781	0	0
feature_745	 	599.2487057617187	+1	285.8750305175781	0	0
feature_746	 	292.139391796875	+1	401.62774658203125	0	0
feature_747	 	467.3816403320312	+1	647.73291015625	0	0
feature_748	 	442.2422360351562	+1	352.29876708984375	0	0
feature_749	 	310.2251156738281	+1	522.8485717773438	0	0
feature_750	 	664.3790768554687	+1	392.0047302246094	0	0
feature_751	 	406.23262299804685	+1	631.19140625	0	0
feature_752	 	561.3006466796875	+1	341.3302307128906	0	0
feature_753	 	202.1304806640625	+1	291.7572326660156	0	0
feature_754	 	2016.5528314453124	+2	61.20008850097656	0	0
feature_755	 	345.21467866210935	+1	302.4249572753906	0	0
feature_756	 	297.0889767578125	+1	287.03973388671875	0	0
feature_757	 	266.15108002929685	+1	367.9886474609375	0	0
feature_758	 	518.3053338867187	+2	255.7972412109375	0	0
feature_759	 	445.1440609863281	+1	73.2652359008789	0	0
feature_760	 	630.2488278320312	+1	307.2385559082031	0	0
feature_761	 	375.1711605957031	+1	384.7609558105469	0	0
feature_762	 	219.11011018066407	+1	212.59278869628906	0	0
feature_763	 	223.15668000488282	+1	399.2216491699219	0	0
feature_764	 	187.06276215820313	+1	282.3350524902344	0	0
feature_765	 	2677.03659609375	+2	359.54241943359375	0	0
feature_766	 	236.14058198242188	+1	411.22998046875	0	0
feature_767	 	518.3413446289062	+2	289.41864013671875	0	0
feature_768	 	172.12059296875	+1	129.86257934570312	0	0
feature_769	 	301.2611264160156	+1	494.5904846191406	0	0
feature_770	 	584.3111447265625	+1	320.5846252441406	0	0
feature_771	 	452.335925	+1	348.6841735839844	0	0
feature_772	 	803.4274166992187	+1	336.4239807128906	0	0
feature_773	 	177.08175935058594	+1	177.3013153076172	0	0
feature_774	 	546.337145703125	+1	316.8763122558594	0	0
feature_775	 	642.3165768554687	+1	302.4249572753906	0	0
feature_776	 	641.2950924804687	+1	345.0254211425781	0	0
feature_777	 	617.2524899414062	+1	89.94490051269531	0	0
feature_778	 	473.29829682617185	+1	612.261474609375	0	0
feature_779	 	854.2970456054687	+1	508.87225341796875	0	0
feature_780	 	335.1589840820312	+1	364.3614196777344	0	0
feature_781	 	2769.0849359375	+2	341.3302307128906	0	0
feature_782	 	289.2247799804687	+1	381.142822265625	0	0
feature_783	 	2254.893773828125	+2	348.6841735839844	0	0
feature_784	 	356.26704682617185	+1	613.4490356445312	0	0
feature_785	 	234.16142548828125	+1	392.0047302246094	0	0
feature_786	 	2340.656225	+2	61.20008850097656	0	0
feature_787	 	719.306383984375	+1	406.43951416015625	0	0
feature_788	 	447.167223828125	+1	371.5859069824219	0	0
feature_789	 	545.3195065429687	+1	580.7504272460938	0	0
feature_790	 	456.25813569335935	+1	366.780029296875	0	0
feature_791	 	375.15242280273435	+1	256.6444396972656	0	0
feature_792	 	584.3165768554687	+1	353.5516662597656	0	0
feature_793	 	252.17199982910157	+1	411.22998046875	0	0
feature_794	 	582.334704296875	+1	320.5846252441406	0	0
feature_795	 	574.3323849609375	+1	337.64190673828125	0	0
feature_796	 	375.1524533203125	+1	220.97959899902344	0	0
feature_797	 	413.2773922851562	+1	597.9644165039062	0	0
feature_798	 	588.3472650390624	+2	340.11309814453125	0	0
feature_799	 	684.2325314453125	+1	337.64190673828125	0	0
feature_800	 	442.2925900390625	+1	634.7432861328125	0	0
feature_801	 	356.20555390625	+1	346.2314758300781	0	0
feature_802	 	610.2903317382812	+1	302.4249572753906	0	0
feature_803	 	654.3527096679687	+1	342.5674133300781	0	0
feature_804	 	248.13827790527344	+1	455.0633544921875	0	0
feature_805	 	250.1563595703125	+1	394.410888671875	0	0
feature_806	 	389.1868771484375	+1	406.43951416015625	0	0
feature_807	 	375.23811616210935	+1	449.1982727050781	0	0
feature_808	 	2285.755101953125	+2	61.20008850097656	0	0
feature_809	 	658.426012890625	+1	406.43951416015625	0	0
feature_810	 	425.3137387207031	+1	489.2013854980469	0	0
feature_811	 	572.316637890625	+1	332.79290771484375	0	0
feature_812	 	1458.4754513671876	+1	51.509498596191406	0	0
feature_813	 	1206.9678830078126	+1	347.4400939941406	0	0
feature_814	 	582.2472409179687	+1	479.7854919433594	0	0
feature_815	 	604.26951875	+1	283.5102233886719	0	0
feature_816	 	501.3296994140625	+1	612.261474609375	0	0
feature_817	 	336.1544674804687	+1	482.14813232421875	0	0
feature_818	 	473.2408322265625	+1	500.4327087402344	0	0
feature_819	 	186.13624848632813	+1	255.7972412109375	0	0
feature_820	 	2502.710180078125	+2	61.20008850097656	0	0
feature_821	 	651.2367428710937	+1	190.4149932861328	0	0
feature_822	 	417.30855073242185	+1	647.73291015625	0	0
feature_823	 	221.1410244873047	+1	351.0899353027344	0	0
feature_824	 	574.3688229492187	+1	342.5674133300781	0	0
feature_825	 	562.2138546875	+1	146.5718994140625	0	0
feature_826	 	639.24363984375	+1	307.2385559082031	0	0
feature_827	 	328.0765561035156	+1	78.05260467529297	0	0
feature_828	 	634.2877682617187	+1	310.8613586425781	0	0
feature_829	 	1404.5987423828126	+1	383.5470275878906	0	0
feature_830	 	151.04887666015625	+1	132.9600372314453	0	0
feature_831	 	436.96223725585935	+1	62.45261001586914	0	0
feature_832	 	391.1474484375	+1	75.64886474609375	0	0
feature_833	 	408.2119015625	+1	538.5184326171875	0	0
feature_834	 	267.18294038085935	+1	393.20452880859375	0	0
feature_835	 	653.259020703125	+1	316.8763122558594	0	0
feature_836	 	675.2410153320312	+1	353.5516662597656	0	0
feature_837	 	438.2612790039062	+1	614.6383666992188	0	0
feature_838	 	1241.427721875	+1	52.75938415527344	0	0
feature_839	 	2635.02585390625	+2	352.29876708984375	0	0
feature_840	 	602.273656640625	+2	284.7020568847656	0	0
feature_841	 	371.17622651367185	+1	402.8215637207031	0	0
feature_842	 	482.23494233398435	+1	333.99951171875	0	0
feature_843	 	600.3462274414062	+2	352.29876708984375	0	0
feature_844	 	341.21968354492185	+1	528.0224609375	0	0
feature_845	 	570.2950924804687	+1	276.4530029296875	0	0
feature_846	 	401.2106198242187	+1	340.11309814453125	0	0
feature_847	 	584.3109005859375	+1	281.1518249511719	0	0
feature_848	 	413.27730073242185	+1	607.5070190429688	0	0
feature_849	 	1313.44870546875	+2	51.509498596191406	0	0
feature_850	 	254.15124787597657	+1	452.7533874511719	0	0
feature_851	 	676.364001171875	+1	336.4239807128906	0	0
feature_852	 	696.3998288085937	+1	399.2216491699219	0	0
feature_853	 	731.5388668945312	+1	551.040283203125	0	0
feature_854	 	500.1399411132812	+1	186.9614715576172	0	0
feature_855	 	273.2298458984375	+1	442.1531677246094	0	0
feature_856	 	427.29280366210935	+1	607.5070190429688	0	0
feature_857	 	829.6119259765625	+1	650.1102905273438	0	0
feature_858	 	250.13124360351563	+1	410.04071044921875	0	0
feature_859	 	268.1668881347656	+1	436.2067565917969	0	0
feature_860	 	303.1788815429687	+1	195.77743530273438	0	0
feature_861	 	1151.8885373046876	+1	52.75938415527344	0	0
feature_862	 	1672.59128359375	+2	51.509498596191406	0	0
feature_863	 	630.3948239257812	+1	329.13348388671875	0	0
feature_864	 	545.305895703125	+1	333.99951171875	0	0
feature_865	 	617.3265255859375	+1	342.5674133300781	0	0
feature_866	 	438.3088864257812	+1	591.9486694335938	0	0
feature_867	 	236.1406582763672	+1	427.8924255371094	0	0
feature_868	 	399.2616146972656	+1	607.5070190429688	0	0
feature_869	 	321.12068452148435	+1	99.35277557373047	0	0
feature_870	 	451.3140744140625	+1	582.5884399414062	0	0
feature_871	 	210.1614102294922	+1	476.2548828125	0	0
feature_872	 	1561.7734125	+2	342.5674133300781	0	0
feature_873	 	282.095934765625	+1	144.22193908691406	0	0
feature_874	 	614.3999508789062	+1	367.9886474609375	0	0
feature_875	 	267.0962094238281	+1	70.86231994628906	0	0
feature_876	 	273.07783784179685	+1	144.22193908691406	0	0
feature_877	 	313.19969453125	+1	74.4663314819336	0	0
feature_878	 	1089.3018673828126	+1	61.20008850097656	0	0
feature_879	 	151.0627774169922	+1	193.59820556640625	0	0
feature_880	 	501.3159359863281	+1	314.4895324707031	0	0
feature_881	 	222.12506379394532	+1	407.6415100097656	0	0
feature_882	 	2514.98581484375	+2	363.1571350097656	0	0
feature_883	 	192.15086640625	+1	476.2548828125	0	0
feature_884	 	235.15669526367188	+1	375.1905212402344	0	0
feature_885	 	267.09627045898435	+1	80.45748138427734	0	0
feature_886	 	208.1457852294922	+1	381.142822265625	0	0
feature_887	 	380.33980073242185	+1	440.9676513671875	0	0
feature_888	 	504.28970888671876	+2	217.87518310546875	0	0
feature_889	 	317.1945980957031	+1	266.0291442871094	0	0
feature_890	 	560.3527096679687	+1	320.5846252441406	0	0
feature_891	 	387.2617367675781	+1	594.3441162109375	0	0
feature_892	 	584.3534420898437	+1	345.0254211425781	0	0
feature_893	 	1637.5472162109374	+2	61.20008850097656	0	0
feature_894	 	304.21052827148435	+1	316.8763122558594	0	0
feature_895	 	373.22249116210935	+1	413.58843994140625	0	0
feature_896	 	351.2404965332031	+1	385.9564208984375	0	0
feature_897	 	2141.713109765625	+2	61.20008850097656	0	0
feature_898	 	178.13524140625	+1	413.58843994140625	0	0
feature_899	 	2867.11862734375	+2	352.29876708984375	0	0
feature_900	 	400.2317379882812	+1	342.5674133300781	0	0
feature_901	 	185.2137783935547	+1	645.353515625	0	0
feature_902	 	290.14888276367185	+1	432.6463623046875	0	0
feature_903	 	460.2529477050781	+1	335.2039489746094	0	0
feature_904	 	430.1986264160156	+1	458.5924072265625	0	0
feature_905	 	165.06453217773438	+1	116.44277954101562	0	0
feature_906	 	478.2536801269531	+1	612.261474609375	0	0
feature_907	 	271.21419038085935	+1	453.91265869140625	0	0
feature_908	 	427.13337983398435	+1	95.82221221923828	0	0
feature_909	 	352.2245053222656	+1	410.04071044921875	0	0
feature_910	 	531.3402584960937	+1	600.3799438476562	0	0
feature_911	 	373.24592866210935	+1	553.3961791992188	0	0
feature_912	 	237.17232026367188	+1	468.8407897949219	0	0
feature_913	 	688.3372067382812	+1	369.1773376464844	0	0
feature_914	 	287.155016796875	+1	352.29876708984375	0	0
feature_915	 	196.1457852294922	+1	413.58843994140625	0	0
feature_916	 	615.3975705078125	+1	605.1293334960938	0	0
feature_917	 	437.3248471191406	+1	625.2954711914062	0	0
feature_918	 	270.1824215820312	+1	423.11077880859375	0	0
feature_919	 	350.1700619628906	+1	553.3961791992188	0	0
feature_920	 	1404.5986078125	+2	383.5470275878906	0	0
feature_921	 	170.10493745117188	+1	186.9614715576172	0	0
feature_922	 	316.20332612304685	+1	438.5835266113281	0	0
feature_923	 	455.201159375	+1	284.7020568847656	0	0
feature_924	 	415.2930172851562	+1	647.73291015625	0	0
feature_925	 	358.2212399414062	+1	329.13348388671875	0	0
feature_926	 	285.1683529785156	+1	345.0254211425781	0	0
feature_927	 	280.1305111816406	+1	529.1690673828125	0	0
feature_928	 	268.1670407226562	+1	405.2297058105469	0	0
feature_929	 	170.17709626464844	+1	61.20008850097656	0	0
feature_930	 	724.3350705078125	+1	375.1905212402344	0	0
feature_931	 	476.27449311523435	+1	646.5426025390625	0	0
feature_932	 	927.2544430664062	+1	52.75938415527344	0	0
feature_933	 	2195.856176171875	+2	343.8460693359375	0	0
feature_934	 	1182.7220208984374	+2	364.3614196777344	0	0
feature_935	 	200.11557282714844	+1	326.71307373046875	0	0
feature_936	 	308.15950288085935	+1	418.3439025878906	0	0
feature_937	 	554.3096798828125	+1	529.1690673828125	0	0
feature_938	 	160.12005891113282	+1	292.9345397949219	0	0
feature_939	 	318.2261837890625	+1	73.2652359008789	0	0
feature_940	 	444.2718991210937	+1	600.3799438476562	0	0
feature_941	 	315.2193478515625	+1	413.58843994140625	0	0
feature_942	 	317.2097653320312	+1	276.4530029296875	0	0
feature_943	 	594.2986325195312	+1	333.99951171875	0	0
feature_944	 	240.13557709960938	+1	407.6415100097656	0	0
feature_945	 	585.2332638671875	+1	308.4490966796875	0	0
feature_946	 	456.2693051269531	+1	582.5884399414062	0	0
feature_947	 	363.1063412597656	+1	304.8284606933594	0	0
feature_948	 	417.23582734375	+1	385.9564208984375	0	0
feature_949	 	322.17512788085935	+1	450.3861389160156	0	0
feature_950	 	442.2561520507812	+1	550.2778930664062	0	0
feature_951	 	238.15634431152344	+1	531.4762573242188	0	0
feature_952	 	346.2208737304687	+1	285.8750305175781	0	0
feature_953	 	239.15158356933594	+1	351.0899353027344	0	0
feature_954	 	499.3504513671875	+1	646.5426025390625	0	0
feature_955	 	2285.764867578125	+2	51.509498596191406	0	0
feature_956	 	281.1622189453125	+1	406.43951416015625	0	0
feature_957	 	240.13557709960938	+1	432.6463623046875	0	0
feature_958	 	2556.99606875	+2	366.780029296875	0	0
feature_959	 	392.2783078125	+1	513.6401977539062	0	0
feature_960	 	283.18904389648435	+1	80.45748138427734	0	0
feature_961	 	682.310521875	+2	353.5516662597656	0	0
feature_962	 	495.15376557617185	+1	352.29876708984375	0	0
feature_963	 	310.1775387695312	+1	554.5789184570312	0	0
feature_964	 	344.24190034179685	+1	285.8750305175781	0	0
feature_965	 	600.3478268554687	+1	353.5516662597656	0	0
feature_966	 	285.1934994628906	+1	358.3487243652344	0	0
feature_967	 	228.17195405273438	+1	444.48382568359375	0	0
feature_968	 	622.329333203125	+1	353.5516662597656	0	0
feature_969	 	501.2721432617187	+1	529.1690673828125	0	0
feature_970	 	273.1318539550781	+1	406.43951416015625	0	0
feature_971	 	602.3629510742187	+2	348.6841735839844	0	0
feature_972	 	729.275622265625	+1	336.4239807128906	0	0
feature_973	 	348.1908139160156	+1	591.9486694335938	0	0
feature_974	 	763.4322995117187	+1	309.65325927734375	0	0
feature_975	 	2547.995336328125	+2	342.5674133300781	0	0
feature_976	 	318.22627534179685	+1	314.4895324707031	0	0
feature_977	 	518.342028515625	+1	289.41864013671875	0	0
feature_978	 	486.2322873046875	+1	330.35064697265625	0	0
feature_979	 	313.174548046875	+1	142.2870635986328	0	0
feature_980	 	271.1527279785156	+1	340.11309814453125	0	0
feature_981	 	392.2171811035156	+1	424.3140869140625	0	0
feature_982	 	391.23311127929685	+1	385.9564208984375	0	0
feature_983	 	628.2274655273437	+1	347.4400939941406	0	0
feature_984	 	428.21455659179685	+1	631.19140625	0	0
feature_985	 	1050.7295892578124	+2	392.0047302246094	0	0
feature_986	 	648.3031491210937	+1	316.8763122558594	0	0
feature_987	 	392.2169674804687	+1	594.3441162109375	0	0
feature_988	 	333.22996796875	+1	396.8160095214844	0	0
feature_989	 	222.12506379394532	+1	417.1482849121094	0	0
feature_990	 	444.1486996582031	+1	180.23951721191406	0	0
feature_991	 	360.20039643554685	+1	234.83306884765625	0	0
feature_992	 	624.3060177734375	+1	313.279541015625	0	0
feature_993	 	211.15666474609375	+1	400.42767333984375	0	0
feature_994	 	280.16389741210935	+1	382.34136962890625	0	0
feature_995	 	252.13568391113282	+1	423.11077880859375	0	0
feature_996	 	218.12610139160157	+1	78.05260467529297	0	0
feature_997	 	226.15620698242188	+1	453.91265869140625	0	0
feature_998	 	151.0627774169922	+1	163.60031127929688	0	0
feature_999	 	234.16144074707032	+1	382.34136962890625	0	0
feature_1000	 	570.3375119140625	+1	336.4239807128906	0	0
feature_1001	 	629.4131344726562	+1	657.191650390625	0	0
feature_1002	 	555.3763913085937	+1	656.021240234375	0	0
feature_1003	 	2430.961156640625	+2	355.9523620605469	0	0
feature_1004	 	375.25178803710935	+1	513.6401977539062	0	0
feature_1005	 	284.1982602050781	+1	407.6415100097656	0	0
feature_1006	 	304.2106198242187	+1	310.8613586425781	0	0
feature_1007	 	258.19380463867185	+1	404.0281982421875	0	0
feature_1008	 	400.2317074707031	+1	353.5516662597656	0	0
feature_1009	 	271.11628999023435	+1	74.4663314819336	0	0
feature_1010	 	604.2696408203125	+1	320.5846252441406	0	0
feature_1011	 	369.25105561523435	+1	398.027587890625	0	0
feature_1012	 	1979.661840234375	+2	61.20008850097656	0	0
feature_1013	 	336.1907833984375	+1	577.4818115234375	0	0
feature_1014	 	288.19319428710935	+1	411.22998046875	0	0
feature_1015	 	308.1597165039062	+1	405.2297058105469	0	0
feature_1016	 	287.2091549804687	+1	384.7609558105469	0	0
feature_1017	 	436.29316987304685	+1	435.0201721191406	0	0
feature_1018	 	2825.110570703125	+2	347.4400939941406	0	0
feature_1019	 	359.26668061523435	+1	577.4818115234375	0	0
feature_1020	 	597.4446286132812	+1	582.5884399414062	0	0
feature_1021	 	528.1951168945312	+1	279.9670715332031	0	0
feature_1022	 	2371.926000390625	+2	342.5674133300781	0	0
feature_1023	 	588.34764375	+1	340.11309814453125	0	0
feature_1024	 	429.1490963867187	+1	74.4663314819336	0	0
feature_1025	 	318.2262448242187	+1	320.5846252441406	0	0
feature_1026	 	335.24559296875	+1	494.5904846191406	0	0
feature_1027	 	486.11604584960935	+1	310.8613586425781	0	0
feature_1028	 	397.2333859375	+1	513.6401977539062	0	0
feature_1029	 	455.1998776367187	+1	88.7630386352539	0	0
feature_1030	 	612.3057736328125	+1	310.8613586425781	0	0
feature_1031	 	586.3315790039062	+2	343.8460693359375	0	0
feature_1032	 	452.15965546875	+1	529.1690673828125	0	0
feature_1033	 	574.3684567382812	+1	331.57550048828125	0	0
feature_1034	 	1945.6277826171874	+2	61.20008850097656	0	0
feature_1035	 	725.2283810546875	+1	375.1905212402344	0	0
feature_1036	 	284.161852734375	+1	381.142822265625	0	0
feature_1037	 	639.2435177734375	+1	343.8460693359375	0	0
feature_1038	 	331.2353695800781	+1	423.11077880859375	0	0
feature_1039	 	270.18257416992185	+1	382.34136962890625	0	0
feature_1040	 	240.1356076171875	+1	577.4818115234375	0	0
feature_1041	 	224.1406582763672	+1	399.2216491699219	0	0
feature_1042	 	267.1465329101562	+1	376.3795471191406	0	0
feature_1043	 	2910.1357171875	+2	363.1571350097656	0	0
feature_1044	 	156.12570466308594	+1	378.7744140625	0	0
feature_1045	 	600.3479489257812	+1	335.2039489746094	0	0
feature_1046	 	517.3107174804687	+1	313.279541015625	0	0
feature_1047	 	369.1782711914062	+1	475.0689697265625	0	0
feature_1048	 	622.36863984375	+1	366.780029296875	0	0
feature_1049	 	515.0938595703125	+1	309.65325927734375	0	0
feature_1050	 	384.250719921875	+1	631.19140625	0	0
feature_1051	 	606.30321015625	+1	337.64190673828125	0	0
feature_1052	 	302.1948727539062	+1	234.83306884765625	0	0
feature_1053	 	713.5283078125	+1	618.2074584960938	0	0
feature_1054	 	1168.706273828125	+2	359.54241943359375	0	0
feature_1055	 	669.3271969726562	+1	364.3614196777344	0	0
feature_1056	 	560.3525140625	+2	320.5846252441406	0	0
feature_1057	 	241.17848481445313	+1	105.23389434814453	0	0
feature_1058	 	599.2486447265625	+1	251.52005004882812	0	0
feature_1059	 	375.15242280273435	+1	231.5637664794922	0	0
feature_1060	 	653.2590817382812	+1	353.5516662597656	0	0
feature_1061	 	206.1301602294922	+1	384.7609558105469	0	0
feature_1062	 	182.14131440429688	+1	417.1482849121094	0	0
feature_1063	 	616.379137890625	+1	359.54241943359375	0	0
feature_1064	 	190.13519562988282	+1	453.91265869140625	0	0
feature_1065	 	601.2549313476562	+1	316.8763122558594	0	0
feature_1066	 	824.5616205078124	+2	384.7609558105469	0	0
feature_1067	 	418.2423581054687	+1	301.212890625	0	0
feature_1068	 	316.18806733398435	+1	582.5884399414062	0	0
feature_1069	 	445.2308529785156	+1	336.4239807128906	0	0
feature_1070	 	160.1201504638672	+1	64.87503814697266	0	0
feature_1071	 	2287.75388125	+2	61.20008850097656	0	0
feature_1072	 	179.08012666015625	+1	242.62974548339844	0	0
feature_1073	 	245.19853486328125	+1	98.17953491210938	0	0
feature_1074	 	224.14058198242188	+1	388.4475402832031	0	0
feature_1075	 	541.361071484375	+1	644.1766357421875	0	0
feature_1076	 	485.174059765625	+1	81.64828491210938	0	0
feature_1077	 	1817.6182611328124	+2	52.75938415527344	0	0
feature_1078	 	323.12117280273435	+1	78.05260467529297	0	0
feature_1079	 	2158.749730859375	+2	52.75938415527344	0	0
feature_1080	 	1961.660863671875	+2	52.75938415527344	0	0
feature_1081	 	235.15671052246094	+1	366.780029296875	0	0
feature_1082	 	689.2958859375	+1	369.1773376464844	0	0
feature_1083	 	586.3672970703125	+1	342.5674133300781	0	0
feature_1084	 	333.2511166503906	+1	411.22998046875	0	0
feature_1085	 	850.38914765625	+1	528.0224609375	0	0
feature_1086	 	212.1153897216797	+1	51.509498596191406	0	0
feature_1087	 	2607.029516015625	+2	353.5516662597656	0	0
feature_1088	 	611.2689694335937	+1	290.5894775390625	0	0
feature_1089	 	2632.016332421875	+2	355.9523620605469	0	0
feature_1090	 	636.3842038085937	+1	369.1773376464844	0	0
feature_1091	 	1426.5536984375	+1	355.9523620605469	0	0
feature_1092	 	434.2874630859375	+1	582.5884399414062	0	0
feature_1093	 	243.182848828125	+1	453.91265869140625	0	0
feature_1094	 	615.4549435546875	+1	512.4989624023438	0	0
feature_1095	 	396.15754975585935	+1	51.509498596191406	0	0
feature_1096	 	592.2599362304687	+1	254.630126953125	0	0
feature_1097	 	391.233141796875	+1	398.027587890625	0	0
feature_1098	 	240.13559235839844	+1	349.8821105957031	0	0
feature_1099	 	789.5806149414062	+1	568.8090209960938	0	0
feature_1100	 	411.1637143066406	+1	455.0633544921875	0	0
feature_1101	 	252.1719845703125	+1	392.0047302246094	0	0
feature_1102	 	328.1025570800781	+1	314.4895324707031	0	0
feature_1103	 	2123.702367578125	+2	61.20008850097656	0	0
feature_1104	 	1420.593480859375	+2	363.1571350097656	0	0
feature_1105	 	436.2682064941406	+1	359.54241943359375	0	0
feature_1106	 	360.2368649414062	+1	348.6841735839844	0	0
feature_1107	 	459.159899609375	+1	52.75938415527344	0	0
feature_1108	 	2388.951879296875	+2	342.5674133300781	0	0
feature_1109	 	268.1669796875	+1	417.1482849121094	0	0
feature_1110	 	763.4320428710937	+2	309.65325927734375	0	0
feature_1111	 	333.2299984863281	+1	413.58843994140625	0	0
feature_1112	 	487.3503903320312	+1	635.9224853515625	0	0
feature_1113	 	165.078356640625	+1	151.18052673339844	0	0
feature_1114	 	242.1512783935547	+1	517.067138671875	0	0
feature_1115	 	606.3373288085937	+1	657.191650390625	0	0
feature_1116	 	254.1149014404297	+1	553.3961791992188	0	0
feature_1117	 	572.3528317382812	+1	335.2039489746094	0	0
feature_1118	 	295.1276120117187	+1	284.7020568847656	0	0
feature_1119	 	240.13557709960938	+1	417.1482849121094	0	0
feature_1120	 	459.31917084960935	+1	634.7432861328125	0	0
feature_1121	 	2430.962621484375	+2	347.4400939941406	0	0
feature_1122	 	281.1119259765625	+1	82.83937072753906	0	0
feature_1123	 	640.3372677734375	+1	327.91888427734375	0	0
feature_1124	 	204.14686860351563	+1	320.5846252441406	0	0
feature_1125	 	598.3324459960937	+1	361.95556640625	0	0
feature_1126	 	618.3040036132812	+1	351.0899353027344	0	0
feature_1127	 	426.2473324707031	+1	347.4400939941406	0	0
feature_1128	 	630.4312008789062	+1	395.6101989746094	0	0
feature_1129	 	386.1725033691406	+1	453.91265869140625	0	0
feature_1130	 	360.23680390625	+1	296.47601318359375	0	0
feature_1131	 	311.1224240234375	+1	242.62974548339844	0	0
feature_1132	 	827.7826413085937	+1	51.509498596191406	0	0
feature_1133	 	598.2903927734375	+1	300.0205993652344	0	0
feature_1134	 	530.342516796875	+1	312.0740966796875	0	0
feature_1135	 	266.1512631347656	+1	444.48382568359375	0	0
feature_1136	 	664.2772702148437	+1	316.8763122558594	0	0
feature_1137	 	383.19880952148435	+1	309.65325927734375	0	0
feature_1138	 	678.394762890625	+1	396.8160095214844	0	0
feature_1139	 	249.17233552246094	+1	393.20452880859375	0	0
feature_1140	 	253.16725434570313	+1	367.9886474609375	0	0
feature_1141	 	156.12570466308594	+1	388.4475402832031	0	0
feature_1142	 	653.2789181640625	+1	347.4400939941406	0	0
feature_1143	 	316.2032956054687	+1	385.9564208984375	0	0
feature_1144	 	620.31883515625	+1	346.2314758300781	0	0
feature_1145	 	242.12610139160157	+1	353.5516662597656	0	0
feature_1146	 	253.16725434570313	+1	376.3795471191406	0	0
feature_1147	 	222.12506379394532	+1	389.6326599121094	0	0
feature_1148	 	298.1999691894531	+1	267.1705017089844	0	0
feature_1149	 	682.2340573242187	+1	337.64190673828125	0	0
feature_1150	 	718.4217889648437	+2	302.4249572753906	0	0
feature_1151	 	250.15548981933594	+1	432.6463623046875	0	0
feature_1152	 	313.125231640625	+1	61.20008850097656	0	0
feature_1153	 	397.14155854492185	+1	373.9901123046875	0	0
feature_1154	 	496.350817578125	+1	614.6383666992188	0	0
feature_1155	 	428.22664155273435	+1	341.3302307128906	0	0
feature_1156	 	254.15120209960938	+1	442.1531677246094	0	0
feature_1157	 	1295.002673046875	+1	345.0254211425781	0	0
feature_1158	 	251.10129060058594	+1	73.2652359008789	0	0
feature_1159	 	308.1595333984375	+1	423.11077880859375	0	0
feature_1160	 	471.3191098144531	+1	646.5426025390625	0	0
feature_1161	 	330.2262143066406	+1	230.88345336914062	0	0
feature_1162	 	459.15974702148435	+1	146.5718994140625	0	0
feature_1163	 	208.14580048828125	+1	453.91265869140625	0	0
feature_1164	 	789.4116696289062	+1	329.13348388671875	0	0
feature_1165	 	270.1826352050781	+1	411.22998046875	0	0
feature_1166	 	589.382067578125	+1	647.73291015625	0	0
feature_1167	 	468.3194455078125	+1	614.6383666992188	0	0
feature_1168	 	1655.55856875	+2	61.20008850097656	0	0
feature_1169	 	431.2514828613281	+1	407.6415100097656	0	0
feature_1170	 	269.10066499023435	+1	140.59902954101562	0	0
feature_1171	 	613.2639520507812	+2	320.5846252441406	0	0
feature_1172	 	602.3632077148437	+1	348.6841735839844	0	0
feature_1173	 	588.3834713867187	+1	345.0254211425781	0	0
feature_1174	 	847.622301953125	+1	586.1531372070312	0	0
feature_1175	 	1403.47313203125	+1	61.20008850097656	0	0
feature_1176	 	284.13670625	+1	431.45794677734375	0	0
feature_1177	 	244.16691865234375	+1	377.588134765625	0	0
feature_1178	 	369.25105561523435	+1	392.0047302246094	0	0
feature_1179	 	604.2688348632812	+2	284.7020568847656	0	0
feature_1180	 	307.1755856445312	+1	358.3487243652344	0	0
feature_1181	 	464.238024609375	+1	551.040283203125	0	0
feature_1182	 	301.18843354492185	+1	359.54241943359375	0	0
feature_1183	 	384.29832734375	+1	613.4490356445312	0	0
feature_1184	 	626.3212155273437	+1	316.8763122558594	0	0
feature_1185	 	328.1881283691406	+1	553.3961791992188	0	0
feature_1186	 	641.2592038085937	+1	340.11309814453125	0	0
feature_1187	 	200.11557282714844	+1	320.5846252441406	0	0
feature_1188	 	743.2910641601562	+1	342.5674133300781	0	0
feature_1189	 	655.2749508789062	+1	343.8460693359375	0	0
feature_1190	 	259.2142514160156	+1	413.58843994140625	0	0
feature_1191	 	673.4969357421875	+1	531.4762573242188	0	0
feature_1192	 	2297.907445703125	+2	353.5516662597656	0	0
feature_1193	 	399.21138276367185	+1	70.86231994628906	0	0
feature_1194	 	2727.074437890625	+2	336.4239807128906	0	0
feature_1195	 	282.1937741210937	+1	421.9178161621094	0	0
feature_1196	 	369.2511166503906	+1	420.7302551269531	0	0
feature_1197	 	344.2054623535156	+1	153.52828979492188	0	0
feature_1198	 	300.1316403320312	+1	331.57550048828125	0	0
feature_1199	 	587.3663815429687	+1	605.1293334960938	0	0
feature_1200	 	326.1724728515625	+1	498.1172180175781	0	0
feature_1201	 	669.3273190429687	+1	378.7744140625	0	0
feature_1202	 	584.3106439453124	+2	281.1518249511719	0	0
feature_1203	 	254.1512326171875	+1	457.4080810546875	0	0
feature_1204	 	267.18294038085935	+1	357.1395568847656	0	0
feature_1205	 	170.10495270996094	+1	226.44381713867188	0	0
feature_1206	 	626.3210809570312	+2	316.8763122558594	0	0
feature_1207	 	444.25801362304685	+1	327.91888427734375	0	0
feature_1208	 	245.19862641601563	+1	116.44277954101562	0	0
feature_1209	 	314.2087887695312	+1	577.4818115234375	0	0
feature_1210	 	639.2437008789062	+1	337.64190673828125	0	0
feature_1211	 	223.15678681640625	+1	453.91265869140625	0	0
feature_1212	 	1799.59909609375	+2	61.20008850097656	0	0
feature_1213	 	351.240466015625	+1	437.3899841308594	0	0
feature_1214	 	598.3688229492187	+1	411.22998046875	0	0
feature_1215	 	391.233141796875	+1	420.7302551269531	0	0
feature_1216	 	548.225329296875	+1	453.91265869140625	0	0
feature_1217	 	226.15634431152344	+1	381.142822265625	0	0
feature_1218	 	253.178454296875	+1	92.30603790283203	0	0
feature_1219	 	404.2169064453125	+1	607.5070190429688	0	0
feature_1220	 	303.29207124023435	+1	578.6539916992188	0	0
feature_1221	 	1494.5154779296874	+2	51.509498596191406	0	0
feature_1222	 	456.2706784179687	+1	612.261474609375	0	0
feature_1223	 	479.34529389648435	+1	654.8397827148438	0	0
feature_1224	 	301.19954194335935	+1	281.1518249511719	0	0
feature_1225	 	613.2634762695312	+1	289.41864013671875	0	0
feature_1226	 	518.3058346679687	+1	268.3266906738281	0	0
feature_1227	 	346.1846798828125	+1	109.64118957519531	0	0
feature_1228	 	316.2105587890625	+1	281.1518249511719	0	0
feature_1229	 	471.1734494140625	+1	180.23951721191406	0	0
feature_1230	 	421.2402829101562	+1	61.20008850097656	0	0
feature_1231	 	286.1775998046875	+1	405.2297058105469	0	0
feature_1232	 	188.1155117919922	+1	209.39300537109375	0	0
feature_1233	 	459.2689694335937	+1	325.5163879394531	0	0
feature_1234	 	2016.5614984375	+2	52.75938415527344	0	0
feature_1235	 	475.2564877441406	+1	458.5924072265625	0	0
feature_1236	 	432.2733334472656	+1	342.5674133300781	0	0
feature_1237	 	682.3109005859375	+1	354.7678527832031	0	0
feature_1238	 	241.16720856933594	+1	399.2216491699219	0	0
feature_1239	 	599.3665036132812	+1	621.7589111328125	0	0
feature_1240	 	255.19414033203125	+1	353.5516662597656	0	0
feature_1241	 	469.3034848144531	+1	611.0703125	0	0
feature_1242	 	326.2088498046875	+1	591.9486694335938	0	0
feature_1243	 	518.305394921875	+2	268.3266906738281	0	0
feature_1244	 	589.2583493164062	+1	321.8253479003906	0	0
feature_1245	 	690.37938203125	+1	342.5674133300781	0	0
feature_1246	 	476.335680859375	+1	513.6401977539062	0	0
feature_1247	 	2733.06393984375	+2	364.3614196777344	0	0
feature_1248	 	234.1616543701172	+1	411.22998046875	0	0
feature_1249	 	212.06923188476563	+1	70.86231994628906	0	0
feature_1250	 	342.1898678710937	+1	333.99951171875	0	0
feature_1251	 	330.2262448242187	+1	258.988525390625	0	0
feature_1252	 	515.3452633789062	+1	617.0135498046875	0	0
feature_1253	 	2123.712621484375	+2	52.75938415527344	0	0
feature_1254	 	205.11310090332032	+1	352.29876708984375	0	0
feature_1255	 	459.1597165039062	+1	199.4755859375	0	0
feature_1256	 	1109.4339474609376	+1	371.5859069824219	0	0
feature_1257	 	583.2948483398437	+1	76.8497543334961	0	0
feature_1258	 	344.20552338867185	+1	315.6947937011719	0	0
feature_1259	 	515.2877072265625	+1	528.0224609375	0	0
feature_1260	 	1854.50143984375	+2	61.20008850097656	0	0
feature_1261	 	223.09515656738282	+1	228.5416717529297	0	0
feature_1262	 	402.21101655273435	+1	301.212890625	0	0
feature_1263	 	210.09993256835938	+1	114.09133911132812	0	0
feature_1264	 	441.3296078613281	+1	448.01251220703125	0	0
feature_1265	 	702.352770703125	+1	373.9901123046875	0	0
feature_1266	 	560.316637890625	+1	312.0740966796875	0	0
feature_1267	 	310.17512788085935	+1	392.0047302246094	0	0
feature_1268	 	546.3375119140625	+1	312.0740966796875	0	0
feature_1269	 	543.3765744140625	+1	645.353515625	0	0
feature_1270	 	586.33250703125	+1	343.8460693359375	0	0
feature_1271	 	2635.02683046875	+2	345.0254211425781	0	0
feature_1272	 	170.14132966308594	+1	405.2297058105469	0	0
feature_1273	 	159.06782807617188	+1	124.41021728515625	0	0
feature_1274	 	250.06965913085938	+1	186.9614715576172	0	0
feature_1275	 	469.30342377929685	+1	596.7454833984375	0	0
feature_1276	 	297.1067990234375	+1	148.9193115234375	0	0
feature_1277	 	350.13301362304685	+1	300.0205993652344	0	0
feature_1278	 	546.3367059570312	+2	316.8763122558594	0	0
feature_1279	 	324.19075288085935	+1	437.3899841308594	0	0
feature_1280	 	515.3452633789062	+1	645.353515625	0	0
feature_1281	 	2968.999242578125	+2	61.20008850097656	0	0
feature_1282	 	481.3036068847656	+1	381.142822265625	0	0
feature_1283	 	590.2537106445312	+1	281.1518249511719	0	0
feature_1284	 	352.2245053222656	+1	424.3140869140625	0	0
feature_1285	 	251.15162934570313	+1	378.7744140625	0	0
feature_1286	 	767.530016796875	+1	513.6401977539062	0	0
feature_1287	 	1458.4687375	+1	61.20008850097656	0	0
feature_1288	 	2575.99167421875	+2	342.5674133300781	0	0
feature_1289	 	316.203356640625	+1	424.3140869140625	0	0
feature_1290	 	539.4028805664062	+1	563.646240234375	0	0
feature_1291	 	360.200426953125	+1	219.04380798339844	0	0
feature_1292	 	624.2881955078125	+1	343.8460693359375	0	0
feature_1293	 	228.14645661621094	+1	294.11260986328125	0	0
feature_1294	 	654.3080319335937	+1	569.8162231445312	0	0
feature_1295	 	290.1584958007812	+1	406.43951416015625	0	0
feature_1296	 	334.21394624023435	+1	424.3140869140625	0	0
feature_1297	 	598.3939694335937	+1	372.7892150878906	0	0
feature_1298	 	254.15121735839844	+1	427.8924255371094	0	0
feature_1299	 	281.11180390625	+1	144.22193908691406	0	0
feature_1300	 	601.382067578125	+1	657.191650390625	0	0
feature_1301	 	468.3193234375	+1	583.7562255859375	0	0
feature_1302	 	375.1524533203125	+1	170.00396728515625	0	0
feature_1303	 	1134.3641232421876	+1	61.20008850097656	0	0
feature_1304	 	478.2423275878906	+1	347.4400939941406	0	0
feature_1305	 	634.171618359375	+1	78.05260467529297	0	0
feature_1306	 	1799.607152734375	+2	52.75938415527344	0	0
feature_1307	 	2508.995824609375	+2	335.2039489746094	0	0
feature_1308	 	267.1830014160156	+1	406.43951416015625	0	0
feature_1309	 	261.147204296875	+1	399.2216491699219	0	0
feature_1310	 	503.29524506835935	+1	309.65325927734375	0	0
feature_1311	 	2607.031225	+2	345.0254211425781	0	0
feature_1312	 	655.4864987304687	+1	600.3799438476562	0	0
feature_1313	 	262.0883053710937	+1	170.00396728515625	0	0
feature_1314	 	2551.00632265625	+2	338.8791198730469	0	0
feature_1315	 	1165.4599484375	+1	338.8791198730469	0	0
feature_1316	 	282.1825436523437	+1	450.3861389160156	0	0
feature_1317	 	310.1751583984375	+1	411.22998046875	0	0
feature_1318	 	402.24727143554685	+1	333.99951171875	0	0
feature_1319	 	382.23506440429685	+1	607.5070190429688	0	0
feature_1320	 	2811.095922265625	+2	352.29876708984375	0	0
feature_1321	 	431.2157162597656	+1	343.8460693359375	0	0
feature_1322	 	2533.98093203125	+2	337.64190673828125	0	0
feature_1323	 	364.2357052734375	+1	389.6326599121094	0	0
feature_1324	 	2649.04147890625	+2	348.6841735839844	0	0
feature_1325	 	608.3137692382812	+1	342.5674133300781	0	0
feature_1326	 	462.3201168945312	+1	513.6401977539062	0	0
feature_1327	 	390.2014645507812	+1	597.9644165039062	0	0
feature_1328	 	266.1876706054687	+1	437.3899841308594	0	0
feature_1329	 	2472.974828515625	+2	359.54241943359375	0	0
feature_1330	 	281.1111020019531	+1	61.20008850097656	0	0
feature_1331	 	624.3445309570312	+1	348.6841735839844	0	0
feature_1332	 	412.1339291503906	+1	303.6236572265625	0	0
feature_1333	 	248.17718781738282	+1	437.3899841308594	0	0
feature_1334	 	291.0883969238281	+1	144.22193908691406	0	0
